{"valores_reales": [1795, 1510, 1514, 1280, 1159, 1329, 1489, 1670, 1633, 1504, 1281, 1241, 1267, 1569, 1587, 1975, 1381, 1283, 1280, 1300, 1602, 1714, 1660, 1445, 1343, 1244, 1400, 1599, 1713, 1669, 1416, 1244, 1314, 1368, 1579, 1870, 1871, 1467, 1312, 1246, 1344, 1640, 1640, 1791, 1497, 1360, 1245, 1587, 1692, 1692, 1864, 1504, 1424, 1188, 1533, 1673, 1760, 1732, 1582, 1440, 1268, 1584, 1630, 1785, 1720, 1655, 1411, 1433, 1415, 1675, 1913, 1730, 1552, 1438, 1546, 1493, 1677, 1843, 1724, 1623, 1432, 1374, 1567, 1753, 1807, 1747, 1626, 1384, 1382, 1426],
  "predicciones": [1720.7161632672887, 1668.2555056049341, 1465.0378720270587, 1222.8690268096666, 1204.5190317070649, 1307.1811076130725, 1547.1953081025254, 1697.9555413671328, 1621.9199866998226, 1460.9020187886126, 1254.384150517972, 1209.0397629112913, 1317.5037147940086, 1596.543608545563, 1714.0959771859596, 1685.8606341068232, 1458.0262922716918, 1288.3297166653663, 1273.48448464579, 1354.2550106460044, 1620.1823302967998, 1733.2668436697222, 1667.3981879463622, 1452.308570455742, 1306.4276404366747, 1242.3332582273472, 1384.5248222929283, 1588.6168358253553, 1702.3330049423398, 1683.380853746577, 1486.1837495408936, 1330.4843108409725, 1280.5715993781878, 1402.8438960763315, 1633.7639356020286, 1768.4084345823248, 1709.095462615595, 1541.982179283334, 1336.0270292042424, 1264.6398847287644, 1395.232244211899, 1617.8675109058202, 1729.5515534774102, 1735.9023923076816, 1516.934766125425, 1376.4527060164514, 1279.8598564273896, 1431.0584675243374, 1649.87105910414, 1750.964367402233, 1727.2325939049158, 1534.3100774069685, 1384.1599318350343, 1304.7469883370175, 1443.3000376766568, 1661.7097419099243, 1762.0941805458367, 1756.6992412056165, 1581.0389101158803, 1383.395596620091, 1331.5193123551476, 1426.2375128974443, 1662.5915553316443, 1812.2441850477821, 1716.4886213181358, 1601.7514714271822, 1434.8447198805768, 1350.290861765737, 1451.0295827936013, 1697.0815400491708, 1807.952138853301, 1788.2704530221479, 1612.9794709974497, 1459.5530895000584, 1343.5753375258105, 1485.2758088428056, 1682.0456702353604, 1845.6443088114092, 1759.9055238792653, 1635.5658151069126, 1483.0648052587142, 1383.178520253014, 1508.0181309549828, 1710.45587715598, 1842.878436393353, 1797.3768477006838, 1655.5420216199632, 1470.9420414661597, 1404.3071173593078, 1538.1592551659285]}