{"real_values": [1021, 9395, 11782, 521, 453, 3657, 12530, 5396, 6020, 3019, 4304, 808, 772, 2017, 426, 6964, 1305, 8336, 7876, 2207, 1865, 4137, 1098, 4399, 1766, 3911, 4079, 1696, 5902, 1662, 3268, 1191, 4735, 177, 4053, 6717, 6107, 1762, 5471, 5050, 12047, 4126, 1988, 3990, 6938, 3166, 1539, 197, 8932, 6409, 2012, 4818, 12908, 7131, 4256, 4743, 5588, 6203, 3984, 5278, 4958, 1928, 427, 355, 6374, 149, 10647, 5394, 1434, 4206, 2480, 6044, 3387, 3712, 4184, 2038, 1406, 5568, 4169, 4048, 2650, 8197, 2439, 3909, 4065, 4875, 5424, 4689, 3006, 78, 1478, 1216, 1466, 2049, 3431, 3632, 571, 1281, 4161, 9779, 648, 12685, 4359, 4643, 5944, 1376, 2223, 9666, 2690, 5887, 3616, 6212, 33, 4173, 7100],
  "predicted_values": [856.4006929648203, 8673.97537751355, 10900.27470669392, 864.6328882410962, 573.7273714706489, 3200.9713769947766, 11328.010642526067, 4742.942048336786, 7658.188857715745, 2412.4003112100118, 3233.9495811802153, 352.4456791250468, 21.267228336875633, 1743.8875686491474, 587.1485362952408, 8385.607813157876, 1596.5178496596309, 7085.765844723496, 8108.845851304851, 2435.11633098898, 1915.883628265041, 6728.314876505136, 959.3591203860433, 5283.552527045459, 1731.8559413572812, 4398.218641350007, 3727.794797235031, 1741.8072128964159, 7496.408078607877, 1723.1485909972907, 5133.22780943666, 976.7994257884857, 5450.0374343064805, 548.1866499400467, 4514.280058537784, 5567.404245111672, 7670.151983365978, 1668.6641639036616, 4658.791327807582, 4759.554867024216, 10503.93845867741, 4030.594112760854, 3038.900216011396, 3740.1233785511113, 7354.349420385793, 3407.468328874199, 2072.8187177568816, 118.5588501157099, 9491.377817319993, 6851.995909689375, 2215.1113239208953, 5288.459740804715, 13496.997746682613, 7612.9155716391115, 4994.012875714455, 5426.60078589722, 5227.145574163386, 7107.536669826576, 3939.826601043983, 6826.392227256799, 5723.889470533914, 2283.6433634361247, 859.5322860560145, 620.1687485890016, 7285.959322889342, 181.6463281037759, 10562.849291796858, 4951.218561332223, 1741.3545440714888, 4513.224189778658, 2656.9900469292625, 8026.138927244508, 2260.248294268051, 3843.902826947334, 3682.2141460969133, 1221.1046189033113, 1505.85725931882, 4548.38183696662, 3200.6975608426883, 4129.584075367101, 4291.844985760651, 7336.9359130180155, 2230.6912766490414, 3519.571349656594, 3459.0619358064932, 6238.932655566089, 7295.5936780402635, 4304.525067174381, 3056.952533562041, 408.29967518739613, 1601.6164436291137, 1719.416278137377, 1158.7139077068923, 3257.302151497076, 4430.093300686795, 4064.8560474096785, 992.0834624359813, 1861.433379724257, 4202.337884366901, 10939.420322350135, 836.4077752003459, 12274.399641407395, 4724.44820610208, 3484.8929021920785, 5815.553494036608, 972.2378156874192, 2156.0158928006504, 9312.141175571458, 2156.670300695385, 5077.755763634045, 3778.915347017023, 6894.166175994728, 353.4750393485547, 3620.739088627498, 7502.635647490261]}