{"xgb_n_estimators": {"x": [50, 100, 150, 200], "y": [0.898784946870419, 0.8960804614793575, 0.890983175715243, 0.9001617598693415]}, "xgb_max_depth": {"x": [5, 10, 15, 20], "y": [0.9000745989034147, 0.8959727517266972, 0.8944630974937802, 0.9003579390940305]}, "xgb_learning_rate": {"x": [0.01, 0.05, 0.1, 0.2], "y": [0.8922580055797941, 0.896418889490245, 0.9008787172513949, 0.9018360230628999]}, "rf_n_estimators": {"x": [50, 100, 150, 200], "y": [0.8970885120239697, 0.8990295071980631, 0.8963706695708707, 0.8954629650547242]}, "rf_max_depth": {"x": [5, 10, 15, 20], "y": [0.8946237939265723, 0.8970652591430754, 0.8964457881797586, 0.9008823771228488]}, "knn_n_neighbors": {"x": [3, 5, 7, 9], "y": [0.9018993877730002, 0.8911151925581471, 0.8968388908201619, 0.8954035264854329]}, "knn_p": {"x": [1, 2, 3, 4, 5], "y": [0.8998418875695512, 0.8956064681316002, 0.8941840221389935, 0.8977349243677228, 0.8943011620323326]}}