{
    "A\u00f1os": [
        2017,
        2018,
        2019,
        2020,
        2021,
        2022,
        2023
    ],
    "Valores_Reales": [
        212.17,
        224.67,
        215.17,
        176.33,
        143.5,
        191.5,
        220.17
    ],
    "Predicciones": [
        220.72999572753906,
        224.02000427246094,
        222.32000732421875,
        209.39999389648438,
        136.13999938964844,
        181.36000061035156,
        224.75999450683594
    ]
}