{
    "A\u00f1os": [
        2017,
        2018,
        2019,
        2020,
        2021,
        2022,
        2023
    ],
    "Valores_Reales": [
        292.5,
        429.0,
        288.8,
        293.4,
        299.83,
        245.83,
        241.0
    ],
    "Predicciones": [
        308.3699951171875,
        410.5199890136719,
        305.55999755859375,
        301.2300109863281,
        303.239990234375,
        245.11000061035156,
        240.5500030517578
    ]
}