{
    "A\u00f1os": [
        2017,
        2018,
        2019,
        2020,
        2021,
        2022,
        2023
    ],
    "Valores_Reales": [
        786.33,
        727.17,
        552.17,
        465.5,
        546.17,
        458.5,
        440.0
    ],
    "Predicciones": [
        700.8400268554688,
        615.4299926757812,
        428.9800109863281,
        351.95001220703125,
        366.6700134277344,
        285.6300048828125,
        297.0199890136719
    ]
}