{
    "A\u00f1os": [
        2017,
        2018,
        2019,
        2020,
        2021,
        2022,
        2023
    ],
    "Valores_Reales": [
        219.5,
        249.33,
        252.2,
        165.0,
        142.33,
        195.5,
        221.0
    ],
    "Predicciones": [
        231.38999938964844,
        236.88999938964844,
        254.57000732421875,
        173.8699951171875,
        144.47000122070312,
        176.22000122070312,
        220.47000122070312
    ]
}