{
    "model_metrics": {
        "SVR": {
            "MSE": 0.021279364723108717,
            "R^2": 0.5767295250081292,
            "MAE": 0.10091192945615075,
            "RMSE": 0.1458744827689501
        },
        "XGBoost": {
            "MSE": 0.01994954785241906,
            "R^2": 0.6031810768205643,
            "MAE": 0.07517001381168117,
            "RMSE": 0.14124286832410005
        },
        "CatBoost": {
            "MSE": 0.017952111584389606,
            "R^2": 0.642912328619481,
            "MAE": 0.06792414713897772,
            "RMSE": 0.13398549020095277
        }
    },
    "meta_metrics": {
        "MAE": 0.06298446085512362,
        "MSE": 0.016293425262391692,
        "R^2": 0.6759054633540038,
        "RMSE": 0.12764570209134224
    }
}